experiment,chamfer_mean,chamfer_std,fscore_mean,fscore_std,psnr_mean_db,psnr_std_db,n_objects
full_model,0.20933226182389789,0.042738109347457434,0.0,0.0,7.45639239022537,2.8576226739186064,19
ablation_baseline,0.21950094403190468,0.05391006611204819,0.0,0.0,4.318715923961984,1.1535003991771942,5
ablation_no_photometric,0.2194872813482453,0.05397327030782576,0.0,0.0,8.2144784159475,1.277465527108776,5
ablation_no_depth,0.21945214443354008,0.05390713814519249,0.0,0.0,5.4556089699239205,0.7925676483365233,5
ablation_no_normal,0.21949746450714192,0.05388201182843228,0.0,0.0,5.173206360372303,0.536043564837152,5
ablation_no_eikonal,0.21942665977513948,0.05389164433567967,0.0,0.0,5.7158525488847705,0.5593860878265093,5
