{
  "aggregate": {
    "n_objects": 1,
    "fscore_tau": 0.01,
    "n_eval_pts": 100000,
    "chamfer_mean": 0.15032023580485487,
    "chamfer_std": 0.0,
    "fscore_mean": 0.0,
    "fscore_std": 0.0,
    "psnr_mean_db": 4.419325365257672,
    "psnr_std_db": 0.0
  },
  "per_object": [
    {
      "object_id": "clock_029",
      "mesh_path": "/home/osbo/orcd/pool/omniobject3d/extracted/raw_scans/clock_029/Scan/Scan.obj",
      "chamfer": 0.15032023580485487,
      "fscore": 0.0,
      "psnr_db": 4.419325365257672,
      "psnr_per_view": [
        5.640994917759411,
        3.5984785989873362,
        3.646232485139836,
        3.446534353555008,
        5.7643864708467705
      ],
      "elapsed_s": 42.28
    }
  ]
}